"Problem","Package","File","Priority","Line","Description","Rule set","Rule"
"1","net.codejava.javaee.empdb","src/net/codejava/javaee/empdb/ControllerServlet.java","3","18","Each class should declare at least one constructor","Code Style","AtLeastOneConstructor"
"2","net.codejava.javaee.empdb","src/net/codejava/javaee/empdb/ControllerServlet.java","3","18","Each class should declare at least one constructor","Code Style","AtLeastOneConstructor"
"3","net.codejava.javaee.empdb","src/net/codejava/javaee/empdb/ControllerServlet.java","3","20","Field comments are required","Documentation","CommentRequired"
"4","net.codejava.javaee.empdb","src/net/codejava/javaee/empdb/ControllerServlet.java","3","20","Field comments are required","Documentation","CommentRequired"
"5","net.codejava.javaee.empdb","src/net/codejava/javaee/empdb/ControllerServlet.java","3","20","Found non-transient, non-static member. Please mark as transient or provide accessors.","Error Prone","BeanMembersShouldSerialize"
"6","net.codejava.javaee.empdb","src/net/codejava/javaee/empdb/ControllerServlet.java","3","20","Found non-transient, non-static member. Please mark as transient or provide accessors.","Error Prone","BeanMembersShouldSerialize"
"7","net.codejava.javaee.empdb","src/net/codejava/javaee/empdb/ControllerServlet.java","3","22","Public method and constructor comments are required","Documentation","CommentRequired"
"8","net.codejava.javaee.empdb","src/net/codejava/javaee/empdb/ControllerServlet.java","3","22","Public method and constructor comments are required","Documentation","CommentRequired"
"9","net.codejava.javaee.empdb","src/net/codejava/javaee/empdb/ControllerServlet.java","3","22","The method 'init()' is missing an @Override annotation.","Best Practices","MissingOverride"
"10","net.codejava.javaee.empdb","src/net/codejava/javaee/empdb/ControllerServlet.java","3","22","The method 'init()' is missing an @Override annotation.","Best Practices","MissingOverride"
"11","net.codejava.javaee.empdb","src/net/codejava/javaee/empdb/ControllerServlet.java","3","23","Local variable 'jdbcURL' could be declared final","Code Style","LocalVariableCouldBeFinal"
"12","net.codejava.javaee.empdb","src/net/codejava/javaee/empdb/ControllerServlet.java","3","23","Local variable 'jdbcURL' could be declared final","Code Style","LocalVariableCouldBeFinal"
"13","net.codejava.javaee.empdb","src/net/codejava/javaee/empdb/ControllerServlet.java","3","23","Potential violation of Law of Demeter (method chain calls)","Design","LawOfDemeter"
"14","net.codejava.javaee.empdb","src/net/codejava/javaee/empdb/ControllerServlet.java","3","23","Potential violation of Law of Demeter (method chain calls)","Design","LawOfDemeter"
"15","net.codejava.javaee.empdb","src/net/codejava/javaee/empdb/ControllerServlet.java","3","24","Local variable 'jdbcUsername' could be declared final","Code Style","LocalVariableCouldBeFinal"
"16","net.codejava.javaee.empdb","src/net/codejava/javaee/empdb/ControllerServlet.java","3","24","Local variable 'jdbcUsername' could be declared final","Code Style","LocalVariableCouldBeFinal"
"17","net.codejava.javaee.empdb","src/net/codejava/javaee/empdb/ControllerServlet.java","3","24","Potential violation of Law of Demeter (method chain calls)","Design","LawOfDemeter"
"18","net.codejava.javaee.empdb","src/net/codejava/javaee/empdb/ControllerServlet.java","3","24","Potential violation of Law of Demeter (method chain calls)","Design","LawOfDemeter"
"19","net.codejava.javaee.empdb","src/net/codejava/javaee/empdb/ControllerServlet.java","3","25","Local variable 'jdbcPassword' could be declared final","Code Style","LocalVariableCouldBeFinal"
"20","net.codejava.javaee.empdb","src/net/codejava/javaee/empdb/ControllerServlet.java","3","25","Local variable 'jdbcPassword' could be declared final","Code Style","LocalVariableCouldBeFinal"
"21","net.codejava.javaee.empdb","src/net/codejava/javaee/empdb/ControllerServlet.java","3","25","Potential violation of Law of Demeter (method chain calls)","Design","LawOfDemeter"
"22","net.codejava.javaee.empdb","src/net/codejava/javaee/empdb/ControllerServlet.java","3","25","Potential violation of Law of Demeter (method chain calls)","Design","LawOfDemeter"
"23","net.codejava.javaee.empdb","src/net/codejava/javaee/empdb/ControllerServlet.java","3","31","Parameter 'request' is not assigned and could be declared final","Code Style","MethodArgumentCouldBeFinal"
"24","net.codejava.javaee.empdb","src/net/codejava/javaee/empdb/ControllerServlet.java","3","31","Parameter 'request' is not assigned and could be declared final","Code Style","MethodArgumentCouldBeFinal"
"25","net.codejava.javaee.empdb","src/net/codejava/javaee/empdb/ControllerServlet.java","3","31","Parameter 'response' is not assigned and could be declared final","Code Style","MethodArgumentCouldBeFinal"
"26","net.codejava.javaee.empdb","src/net/codejava/javaee/empdb/ControllerServlet.java","3","31","Parameter 'response' is not assigned and could be declared final","Code Style","MethodArgumentCouldBeFinal"
"27","net.codejava.javaee.empdb","src/net/codejava/javaee/empdb/ControllerServlet.java","3","31","Protected method constructor comments are required","Documentation","CommentRequired"
"28","net.codejava.javaee.empdb","src/net/codejava/javaee/empdb/ControllerServlet.java","3","31","Protected method constructor comments are required","Documentation","CommentRequired"
"29","net.codejava.javaee.empdb","src/net/codejava/javaee/empdb/ControllerServlet.java","3","31","The method 'doPost(HttpServletRequest, HttpServletResponse)' is missing an @Override annotation.","Best Practices","MissingOverride"
"30","net.codejava.javaee.empdb","src/net/codejava/javaee/empdb/ControllerServlet.java","3","31","The method 'doPost(HttpServletRequest, HttpServletResponse)' is missing an @Override annotation.","Best Practices","MissingOverride"
"31","net.codejava.javaee.empdb","src/net/codejava/javaee/empdb/ControllerServlet.java","3","36","Parameter 'request' is not assigned and could be declared final","Code Style","MethodArgumentCouldBeFinal"
"32","net.codejava.javaee.empdb","src/net/codejava/javaee/empdb/ControllerServlet.java","3","36","Parameter 'request' is not assigned and could be declared final","Code Style","MethodArgumentCouldBeFinal"
"33","net.codejava.javaee.empdb","src/net/codejava/javaee/empdb/ControllerServlet.java","3","36","Parameter 'response' is not assigned and could be declared final","Code Style","MethodArgumentCouldBeFinal"
"34","net.codejava.javaee.empdb","src/net/codejava/javaee/empdb/ControllerServlet.java","3","36","Parameter 'response' is not assigned and could be declared final","Code Style","MethodArgumentCouldBeFinal"
"35","net.codejava.javaee.empdb","src/net/codejava/javaee/empdb/ControllerServlet.java","3","36","Protected method constructor comments are required","Documentation","CommentRequired"
"36","net.codejava.javaee.empdb","src/net/codejava/javaee/empdb/ControllerServlet.java","3","36","Protected method constructor comments are required","Documentation","CommentRequired"
"37","net.codejava.javaee.empdb","src/net/codejava/javaee/empdb/ControllerServlet.java","3","36","The method 'doGet(HttpServletRequest, HttpServletResponse)' is missing an @Override annotation.","Best Practices","MissingOverride"
"38","net.codejava.javaee.empdb","src/net/codejava/javaee/empdb/ControllerServlet.java","3","36","The method 'doGet(HttpServletRequest, HttpServletResponse)' is missing an @Override annotation.","Best Practices","MissingOverride"
"39","net.codejava.javaee.empdb","src/net/codejava/javaee/empdb/ControllerServlet.java","3","38","Local variable 'action' could be declared final","Code Style","LocalVariableCouldBeFinal"
"40","net.codejava.javaee.empdb","src/net/codejava/javaee/empdb/ControllerServlet.java","3","38","Local variable 'action' could be declared final","Code Style","LocalVariableCouldBeFinal"
"41","net.codejava.javaee.empdb","src/net/codejava/javaee/empdb/ControllerServlet.java","3","66","Parameter 'request' is not assigned and could be declared final","Code Style","MethodArgumentCouldBeFinal"
"42","net.codejava.javaee.empdb","src/net/codejava/javaee/empdb/ControllerServlet.java","3","66","Parameter 'request' is not assigned and could be declared final","Code Style","MethodArgumentCouldBeFinal"
"43","net.codejava.javaee.empdb","src/net/codejava/javaee/empdb/ControllerServlet.java","3","66","Parameter 'response' is not assigned and could be declared final","Code Style","MethodArgumentCouldBeFinal"
"44","net.codejava.javaee.empdb","src/net/codejava/javaee/empdb/ControllerServlet.java","3","66","Parameter 'response' is not assigned and could be declared final","Code Style","MethodArgumentCouldBeFinal"
"45","net.codejava.javaee.empdb","src/net/codejava/javaee/empdb/ControllerServlet.java","3","68","Local variable 'listEmp' could be declared final","Code Style","LocalVariableCouldBeFinal"
"46","net.codejava.javaee.empdb","src/net/codejava/javaee/empdb/ControllerServlet.java","3","68","Local variable 'listEmp' could be declared final","Code Style","LocalVariableCouldBeFinal"
"47","net.codejava.javaee.empdb","src/net/codejava/javaee/empdb/ControllerServlet.java","3","70","Local variable 'dispatcher' could be declared final","Code Style","LocalVariableCouldBeFinal"
"48","net.codejava.javaee.empdb","src/net/codejava/javaee/empdb/ControllerServlet.java","3","70","Local variable 'dispatcher' could be declared final","Code Style","LocalVariableCouldBeFinal"
"49","net.codejava.javaee.empdb","src/net/codejava/javaee/empdb/ControllerServlet.java","3","71","Potential violation of Law of Demeter (object not created locally)","Design","LawOfDemeter"
"50","net.codejava.javaee.empdb","src/net/codejava/javaee/empdb/ControllerServlet.java","3","71","Potential violation of Law of Demeter (object not created locally)","Design","LawOfDemeter"
"51","net.codejava.javaee.empdb","src/net/codejava/javaee/empdb/ControllerServlet.java","3","74","Parameter 'request' is not assigned and could be declared final","Code Style","MethodArgumentCouldBeFinal"
"52","net.codejava.javaee.empdb","src/net/codejava/javaee/empdb/ControllerServlet.java","3","74","Parameter 'request' is not assigned and could be declared final","Code Style","MethodArgumentCouldBeFinal"
"53","net.codejava.javaee.empdb","src/net/codejava/javaee/empdb/ControllerServlet.java","3","74","Parameter 'response' is not assigned and could be declared final","Code Style","MethodArgumentCouldBeFinal"
"54","net.codejava.javaee.empdb","src/net/codejava/javaee/empdb/ControllerServlet.java","3","74","Parameter 'response' is not assigned and could be declared final","Code Style","MethodArgumentCouldBeFinal"
"55","net.codejava.javaee.empdb","src/net/codejava/javaee/empdb/ControllerServlet.java","3","76","Local variable 'dispatcher' could be declared final","Code Style","LocalVariableCouldBeFinal"
"56","net.codejava.javaee.empdb","src/net/codejava/javaee/empdb/ControllerServlet.java","3","76","Local variable 'dispatcher' could be declared final","Code Style","LocalVariableCouldBeFinal"
"57","net.codejava.javaee.empdb","src/net/codejava/javaee/empdb/ControllerServlet.java","3","77","Potential violation of Law of Demeter (object not created locally)","Design","LawOfDemeter"
"58","net.codejava.javaee.empdb","src/net/codejava/javaee/empdb/ControllerServlet.java","3","77","Potential violation of Law of Demeter (object not created locally)","Design","LawOfDemeter"
"59","net.codejava.javaee.empdb","src/net/codejava/javaee/empdb/ControllerServlet.java","3","80","Parameter 'request' is not assigned and could be declared final","Code Style","MethodArgumentCouldBeFinal"
"60","net.codejava.javaee.empdb","src/net/codejava/javaee/empdb/ControllerServlet.java","3","80","Parameter 'request' is not assigned and could be declared final","Code Style","MethodArgumentCouldBeFinal"
"61","net.codejava.javaee.empdb","src/net/codejava/javaee/empdb/ControllerServlet.java","3","80","Parameter 'response' is not assigned and could be declared final","Code Style","MethodArgumentCouldBeFinal"
"62","net.codejava.javaee.empdb","src/net/codejava/javaee/empdb/ControllerServlet.java","3","80","Parameter 'response' is not assigned and could be declared final","Code Style","MethodArgumentCouldBeFinal"
"63","net.codejava.javaee.empdb","src/net/codejava/javaee/empdb/ControllerServlet.java","3","82","Avoid variables with short names like id","Code Style","ShortVariable"
"64","net.codejava.javaee.empdb","src/net/codejava/javaee/empdb/ControllerServlet.java","3","82","Avoid variables with short names like id","Code Style","ShortVariable"
"65","net.codejava.javaee.empdb","src/net/codejava/javaee/empdb/ControllerServlet.java","3","82","Local variable 'id' could be declared final","Code Style","LocalVariableCouldBeFinal"
"66","net.codejava.javaee.empdb","src/net/codejava/javaee/empdb/ControllerServlet.java","3","82","Local variable 'id' could be declared final","Code Style","LocalVariableCouldBeFinal"
"67","net.codejava.javaee.empdb","src/net/codejava/javaee/empdb/ControllerServlet.java","3","83","Local variable 'existingBook' could be declared final","Code Style","LocalVariableCouldBeFinal"
"68","net.codejava.javaee.empdb","src/net/codejava/javaee/empdb/ControllerServlet.java","3","83","Local variable 'existingBook' could be declared final","Code Style","LocalVariableCouldBeFinal"
"69","net.codejava.javaee.empdb","src/net/codejava/javaee/empdb/ControllerServlet.java","3","84","Local variable 'dispatcher' could be declared final","Code Style","LocalVariableCouldBeFinal"
"70","net.codejava.javaee.empdb","src/net/codejava/javaee/empdb/ControllerServlet.java","3","84","Local variable 'dispatcher' could be declared final","Code Style","LocalVariableCouldBeFinal"
"71","net.codejava.javaee.empdb","src/net/codejava/javaee/empdb/ControllerServlet.java","3","86","Potential violation of Law of Demeter (object not created locally)","Design","LawOfDemeter"
"72","net.codejava.javaee.empdb","src/net/codejava/javaee/empdb/ControllerServlet.java","3","86","Potential violation of Law of Demeter (object not created locally)","Design","LawOfDemeter"
"73","net.codejava.javaee.empdb","src/net/codejava/javaee/empdb/ControllerServlet.java","3","90","Parameter 'request' is not assigned and could be declared final","Code Style","MethodArgumentCouldBeFinal"
"74","net.codejava.javaee.empdb","src/net/codejava/javaee/empdb/ControllerServlet.java","3","90","Parameter 'request' is not assigned and could be declared final","Code Style","MethodArgumentCouldBeFinal"
"75","net.codejava.javaee.empdb","src/net/codejava/javaee/empdb/ControllerServlet.java","3","90","Parameter 'response' is not assigned and could be declared final","Code Style","MethodArgumentCouldBeFinal"
"76","net.codejava.javaee.empdb","src/net/codejava/javaee/empdb/ControllerServlet.java","3","90","Parameter 'response' is not assigned and could be declared final","Code Style","MethodArgumentCouldBeFinal"
"77","net.codejava.javaee.empdb","src/net/codejava/javaee/empdb/ControllerServlet.java","3","91","Local variable 'empname' could be declared final","Code Style","LocalVariableCouldBeFinal"
"78","net.codejava.javaee.empdb","src/net/codejava/javaee/empdb/ControllerServlet.java","3","91","Local variable 'empname' could be declared final","Code Style","LocalVariableCouldBeFinal"
"79","net.codejava.javaee.empdb","src/net/codejava/javaee/empdb/ControllerServlet.java","3","92","Local variable 'empdesignation' could be declared final","Code Style","LocalVariableCouldBeFinal"
"80","net.codejava.javaee.empdb","src/net/codejava/javaee/empdb/ControllerServlet.java","3","92","Local variable 'empdesignation' could be declared final","Code Style","LocalVariableCouldBeFinal"
"81","net.codejava.javaee.empdb","src/net/codejava/javaee/empdb/ControllerServlet.java","3","93","Local variable 'location' could be declared final","Code Style","LocalVariableCouldBeFinal"
"82","net.codejava.javaee.empdb","src/net/codejava/javaee/empdb/ControllerServlet.java","3","93","Local variable 'location' could be declared final","Code Style","LocalVariableCouldBeFinal"
"83","net.codejava.javaee.empdb","src/net/codejava/javaee/empdb/ControllerServlet.java","3","95","Local variable 'newBook' could be declared final","Code Style","LocalVariableCouldBeFinal"
"84","net.codejava.javaee.empdb","src/net/codejava/javaee/empdb/ControllerServlet.java","3","95","Local variable 'newBook' could be declared final","Code Style","LocalVariableCouldBeFinal"
"85","net.codejava.javaee.empdb","src/net/codejava/javaee/empdb/ControllerServlet.java","3","100","Parameter 'request' is not assigned and could be declared final","Code Style","MethodArgumentCouldBeFinal"
"86","net.codejava.javaee.empdb","src/net/codejava/javaee/empdb/ControllerServlet.java","3","100","Parameter 'request' is not assigned and could be declared final","Code Style","MethodArgumentCouldBeFinal"
"87","net.codejava.javaee.empdb","src/net/codejava/javaee/empdb/ControllerServlet.java","3","100","Parameter 'response' is not assigned and could be declared final","Code Style","MethodArgumentCouldBeFinal"
"88","net.codejava.javaee.empdb","src/net/codejava/javaee/empdb/ControllerServlet.java","3","100","Parameter 'response' is not assigned and could be declared final","Code Style","MethodArgumentCouldBeFinal"
"89","net.codejava.javaee.empdb","src/net/codejava/javaee/empdb/ControllerServlet.java","3","101","Avoid variables with short names like id","Code Style","ShortVariable"
"90","net.codejava.javaee.empdb","src/net/codejava/javaee/empdb/ControllerServlet.java","3","101","Avoid variables with short names like id","Code Style","ShortVariable"
"91","net.codejava.javaee.empdb","src/net/codejava/javaee/empdb/ControllerServlet.java","3","101","Local variable 'id' could be declared final","Code Style","LocalVariableCouldBeFinal"
"92","net.codejava.javaee.empdb","src/net/codejava/javaee/empdb/ControllerServlet.java","3","101","Local variable 'id' could be declared final","Code Style","LocalVariableCouldBeFinal"
"93","net.codejava.javaee.empdb","src/net/codejava/javaee/empdb/ControllerServlet.java","3","102","Local variable 'empname' could be declared final","Code Style","LocalVariableCouldBeFinal"
"94","net.codejava.javaee.empdb","src/net/codejava/javaee/empdb/ControllerServlet.java","3","102","Local variable 'empname' could be declared final","Code Style","LocalVariableCouldBeFinal"
"95","net.codejava.javaee.empdb","src/net/codejava/javaee/empdb/ControllerServlet.java","3","103","Local variable 'empdesignation' could be declared final","Code Style","LocalVariableCouldBeFinal"
"96","net.codejava.javaee.empdb","src/net/codejava/javaee/empdb/ControllerServlet.java","3","103","Local variable 'empdesignation' could be declared final","Code Style","LocalVariableCouldBeFinal"
"97","net.codejava.javaee.empdb","src/net/codejava/javaee/empdb/ControllerServlet.java","3","104","Local variable 'location' could be declared final","Code Style","LocalVariableCouldBeFinal"
"98","net.codejava.javaee.empdb","src/net/codejava/javaee/empdb/ControllerServlet.java","3","104","Local variable 'location' could be declared final","Code Style","LocalVariableCouldBeFinal"
"99","net.codejava.javaee.empdb","src/net/codejava/javaee/empdb/ControllerServlet.java","3","106","Local variable 'upemp' could be declared final","Code Style","LocalVariableCouldBeFinal"
"100","net.codejava.javaee.empdb","src/net/codejava/javaee/empdb/ControllerServlet.java","3","106","Local variable 'upemp' could be declared final","Code Style","LocalVariableCouldBeFinal"
"101","net.codejava.javaee.empdb","src/net/codejava/javaee/empdb/ControllerServlet.java","3","111","Parameter 'request' is not assigned and could be declared final","Code Style","MethodArgumentCouldBeFinal"
"102","net.codejava.javaee.empdb","src/net/codejava/javaee/empdb/ControllerServlet.java","3","111","Parameter 'request' is not assigned and could be declared final","Code Style","MethodArgumentCouldBeFinal"
"103","net.codejava.javaee.empdb","src/net/codejava/javaee/empdb/ControllerServlet.java","3","111","Parameter 'response' is not assigned and could be declared final","Code Style","MethodArgumentCouldBeFinal"
"104","net.codejava.javaee.empdb","src/net/codejava/javaee/empdb/ControllerServlet.java","3","111","Parameter 'response' is not assigned and could be declared final","Code Style","MethodArgumentCouldBeFinal"
"105","net.codejava.javaee.empdb","src/net/codejava/javaee/empdb/ControllerServlet.java","3","112","Avoid variables with short names like id","Code Style","ShortVariable"
"106","net.codejava.javaee.empdb","src/net/codejava/javaee/empdb/ControllerServlet.java","3","112","Avoid variables with short names like id","Code Style","ShortVariable"
"107","net.codejava.javaee.empdb","src/net/codejava/javaee/empdb/ControllerServlet.java","3","112","Local variable 'id' could be declared final","Code Style","LocalVariableCouldBeFinal"
"108","net.codejava.javaee.empdb","src/net/codejava/javaee/empdb/ControllerServlet.java","3","112","Local variable 'id' could be declared final","Code Style","LocalVariableCouldBeFinal"
"109","net.codejava.javaee.empdb","src/net/codejava/javaee/empdb/ControllerServlet.java","3","114","Local variable 'empdel' could be declared final","Code Style","LocalVariableCouldBeFinal"
"110","net.codejava.javaee.empdb","src/net/codejava/javaee/empdb/ControllerServlet.java","3","114","Local variable 'empdel' could be declared final","Code Style","LocalVariableCouldBeFinal"
"111","net.codejava.javaee.empdb","src/net/codejava/javaee/empdb/Employee.java","3","9","The class 'Employee' is suspected to be a Data Class (WOC=0.000%, NOPA=0, NOAM=8, WMC=12)","Design","DataClass"
"112","net.codejava.javaee.empdb","src/net/codejava/javaee/empdb/Employee.java","3","9","The class 'Employee' is suspected to be a Data Class (WOC=0.000%, NOPA=0, NOAM=8, WMC=12)","Design","DataClass"
"113","net.codejava.javaee.empdb","src/net/codejava/javaee/empdb/Employee.java","3","10","Avoid variables with short names like id","Code Style","ShortVariable"
"114","net.codejava.javaee.empdb","src/net/codejava/javaee/empdb/Employee.java","3","10","Avoid variables with short names like id","Code Style","ShortVariable"
"115","net.codejava.javaee.empdb","src/net/codejava/javaee/empdb/Employee.java","3","10","Field comments are required","Documentation","CommentRequired"
"116","net.codejava.javaee.empdb","src/net/codejava/javaee/empdb/Employee.java","3","10","Field comments are required","Documentation","CommentRequired"
"117","net.codejava.javaee.empdb","src/net/codejava/javaee/empdb/Employee.java","3","11","Field comments are required","Documentation","CommentRequired"
"118","net.codejava.javaee.empdb","src/net/codejava/javaee/empdb/Employee.java","3","11","Field comments are required","Documentation","CommentRequired"
"119","net.codejava.javaee.empdb","src/net/codejava/javaee/empdb/Employee.java","3","12","Field comments are required","Documentation","CommentRequired"
"120","net.codejava.javaee.empdb","src/net/codejava/javaee/empdb/Employee.java","3","12","Field comments are required","Documentation","CommentRequired"
"121","net.codejava.javaee.empdb","src/net/codejava/javaee/empdb/Employee.java","3","13","Field comments are required","Documentation","CommentRequired"
"122","net.codejava.javaee.empdb","src/net/codejava/javaee/empdb/Employee.java","3","13","Field comments are required","Documentation","CommentRequired"
"123","net.codejava.javaee.empdb","src/net/codejava/javaee/empdb/Employee.java","3","15","Document empty constructor","Documentation","UncommentedEmptyConstructor"
"124","net.codejava.javaee.empdb","src/net/codejava/javaee/empdb/Employee.java","3","15","Document empty constructor","Documentation","UncommentedEmptyConstructor"
"125","net.codejava.javaee.empdb","src/net/codejava/javaee/empdb/Employee.java","3","15","Public method and constructor comments are required","Documentation","CommentRequired"
"126","net.codejava.javaee.empdb","src/net/codejava/javaee/empdb/Employee.java","3","15","Public method and constructor comments are required","Documentation","CommentRequired"
"127","net.codejava.javaee.empdb","src/net/codejava/javaee/empdb/Employee.java","3","18","Avoid variables with short names like id","Code Style","ShortVariable"
"128","net.codejava.javaee.empdb","src/net/codejava/javaee/empdb/Employee.java","3","18","Avoid variables with short names like id","Code Style","ShortVariable"
"129","net.codejava.javaee.empdb","src/net/codejava/javaee/empdb/Employee.java","3","18","Parameter 'id' is not assigned and could be declared final","Code Style","MethodArgumentCouldBeFinal"
"130","net.codejava.javaee.empdb","src/net/codejava/javaee/empdb/Employee.java","3","18","Parameter 'id' is not assigned and could be declared final","Code Style","MethodArgumentCouldBeFinal"
"131","net.codejava.javaee.empdb","src/net/codejava/javaee/empdb/Employee.java","3","18","Public method and constructor comments are required","Documentation","CommentRequired"
"132","net.codejava.javaee.empdb","src/net/codejava/javaee/empdb/Employee.java","3","18","Public method and constructor comments are required","Documentation","CommentRequired"
"133","net.codejava.javaee.empdb","src/net/codejava/javaee/empdb/Employee.java","3","22","Avoid variables with short names like id","Code Style","ShortVariable"
"134","net.codejava.javaee.empdb","src/net/codejava/javaee/empdb/Employee.java","3","22","Avoid variables with short names like id","Code Style","ShortVariable"
"135","net.codejava.javaee.empdb","src/net/codejava/javaee/empdb/Employee.java","3","22","Parameter 'designation' is not assigned and could be declared final","Code Style","MethodArgumentCouldBeFinal"
"136","net.codejava.javaee.empdb","src/net/codejava/javaee/empdb/Employee.java","3","22","Parameter 'designation' is not assigned and could be declared final","Code Style","MethodArgumentCouldBeFinal"
"137","net.codejava.javaee.empdb","src/net/codejava/javaee/empdb/Employee.java","3","22","Parameter 'empname' is not assigned and could be declared final","Code Style","MethodArgumentCouldBeFinal"
"138","net.codejava.javaee.empdb","src/net/codejava/javaee/empdb/Employee.java","3","22","Parameter 'empname' is not assigned and could be declared final","Code Style","MethodArgumentCouldBeFinal"
"139","net.codejava.javaee.empdb","src/net/codejava/javaee/empdb/Employee.java","3","22","Parameter 'id' is not assigned and could be declared final","Code Style","MethodArgumentCouldBeFinal"
"140","net.codejava.javaee.empdb","src/net/codejava/javaee/empdb/Employee.java","3","22","Parameter 'id' is not assigned and could be declared final","Code Style","MethodArgumentCouldBeFinal"
"141","net.codejava.javaee.empdb","src/net/codejava/javaee/empdb/Employee.java","3","22","Parameter 'location' is not assigned and could be declared final","Code Style","MethodArgumentCouldBeFinal"
"142","net.codejava.javaee.empdb","src/net/codejava/javaee/empdb/Employee.java","3","22","Parameter 'location' is not assigned and could be declared final","Code Style","MethodArgumentCouldBeFinal"
"143","net.codejava.javaee.empdb","src/net/codejava/javaee/empdb/Employee.java","3","22","Public method and constructor comments are required","Documentation","CommentRequired"
"144","net.codejava.javaee.empdb","src/net/codejava/javaee/empdb/Employee.java","3","22","Public method and constructor comments are required","Documentation","CommentRequired"
"145","net.codejava.javaee.empdb","src/net/codejava/javaee/empdb/Employee.java","3","27","Parameter 'designation' is not assigned and could be declared final","Code Style","MethodArgumentCouldBeFinal"
"146","net.codejava.javaee.empdb","src/net/codejava/javaee/empdb/Employee.java","3","27","Parameter 'designation' is not assigned and could be declared final","Code Style","MethodArgumentCouldBeFinal"
"147","net.codejava.javaee.empdb","src/net/codejava/javaee/empdb/Employee.java","3","27","Parameter 'location' is not assigned and could be declared final","Code Style","MethodArgumentCouldBeFinal"
"148","net.codejava.javaee.empdb","src/net/codejava/javaee/empdb/Employee.java","3","27","Parameter 'location' is not assigned and could be declared final","Code Style","MethodArgumentCouldBeFinal"
"149","net.codejava.javaee.empdb","src/net/codejava/javaee/empdb/Employee.java","3","27","Parameter 'title' is not assigned and could be declared final","Code Style","MethodArgumentCouldBeFinal"
"150","net.codejava.javaee.empdb","src/net/codejava/javaee/empdb/Employee.java","3","27","Parameter 'title' is not assigned and could be declared final","Code Style","MethodArgumentCouldBeFinal"
"151","net.codejava.javaee.empdb","src/net/codejava/javaee/empdb/Employee.java","3","27","Public method and constructor comments are required","Documentation","CommentRequired"
"152","net.codejava.javaee.empdb","src/net/codejava/javaee/empdb/Employee.java","3","27","Public method and constructor comments are required","Documentation","CommentRequired"
"153","net.codejava.javaee.empdb","src/net/codejava/javaee/empdb/Employee.java","3","37","Avoid variables with short names like id","Code Style","ShortVariable"
"154","net.codejava.javaee.empdb","src/net/codejava/javaee/empdb/Employee.java","3","37","Avoid variables with short names like id","Code Style","ShortVariable"
"155","net.codejava.javaee.empdb","src/net/codejava/javaee/empdb/Employee.java","3","37","Parameter 'id' is not assigned and could be declared final","Code Style","MethodArgumentCouldBeFinal"
"156","net.codejava.javaee.empdb","src/net/codejava/javaee/empdb/Employee.java","3","37","Parameter 'id' is not assigned and could be declared final","Code Style","MethodArgumentCouldBeFinal"
"157","net.codejava.javaee.empdb","src/net/codejava/javaee/empdb/Employee.java","3","47","Parameter 'empname' is not assigned and could be declared final","Code Style","MethodArgumentCouldBeFinal"
"158","net.codejava.javaee.empdb","src/net/codejava/javaee/empdb/Employee.java","3","47","Parameter 'empname' is not assigned and could be declared final","Code Style","MethodArgumentCouldBeFinal"
"159","net.codejava.javaee.empdb","src/net/codejava/javaee/empdb/Employee.java","3","57","Parameter 'empdesignation' is not assigned and could be declared final","Code Style","MethodArgumentCouldBeFinal"
"160","net.codejava.javaee.empdb","src/net/codejava/javaee/empdb/Employee.java","3","57","Parameter 'empdesignation' is not assigned and could be declared final","Code Style","MethodArgumentCouldBeFinal"
"161","net.codejava.javaee.empdb","src/net/codejava/javaee/empdb/Employee.java","3","65","Parameter 'location' is not assigned and could be declared final","Code Style","MethodArgumentCouldBeFinal"
"162","net.codejava.javaee.empdb","src/net/codejava/javaee/empdb/Employee.java","3","65","Parameter 'location' is not assigned and could be declared final","Code Style","MethodArgumentCouldBeFinal"
"163","net.codejava.javaee.empdb","src/net/codejava/javaee/empdb/Employee.java","3","69","Comment is too large: Too many lines","Documentation","CommentSize"
"164","net.codejava.javaee.empdb","src/net/codejava/javaee/empdb/Employee.java","3","69","Comment is too large: Too many lines","Documentation","CommentSize"
"165","net.codejava.javaee.empdb","src/net/codejava/javaee/empdb/EmployeeDAO.java","3","20","Field comments are required","Documentation","CommentRequired"
"166","net.codejava.javaee.empdb","src/net/codejava/javaee/empdb/EmployeeDAO.java","3","20","Field comments are required","Documentation","CommentRequired"
"167","net.codejava.javaee.empdb","src/net/codejava/javaee/empdb/EmployeeDAO.java","3","20","Found non-transient, non-static member. Please mark as transient or provide accessors.","Error Prone","BeanMembersShouldSerialize"
"168","net.codejava.javaee.empdb","src/net/codejava/javaee/empdb/EmployeeDAO.java","3","20","Found non-transient, non-static member. Please mark as transient or provide accessors.","Error Prone","BeanMembersShouldSerialize"
"169","net.codejava.javaee.empdb","src/net/codejava/javaee/empdb/EmployeeDAO.java","3","20","Private field 'jdbcURL' could be made final; it is only initialized in the declaration or constructor.","Design","ImmutableField"
"170","net.codejava.javaee.empdb","src/net/codejava/javaee/empdb/EmployeeDAO.java","3","20","Private field 'jdbcURL' could be made final; it is only initialized in the declaration or constructor.","Design","ImmutableField"
"171","net.codejava.javaee.empdb","src/net/codejava/javaee/empdb/EmployeeDAO.java","3","21","Field comments are required","Documentation","CommentRequired"
"172","net.codejava.javaee.empdb","src/net/codejava/javaee/empdb/EmployeeDAO.java","3","21","Field comments are required","Documentation","CommentRequired"
"173","net.codejava.javaee.empdb","src/net/codejava/javaee/empdb/EmployeeDAO.java","3","21","Found non-transient, non-static member. Please mark as transient or provide accessors.","Error Prone","BeanMembersShouldSerialize"
"174","net.codejava.javaee.empdb","src/net/codejava/javaee/empdb/EmployeeDAO.java","3","21","Found non-transient, non-static member. Please mark as transient or provide accessors.","Error Prone","BeanMembersShouldSerialize"
"175","net.codejava.javaee.empdb","src/net/codejava/javaee/empdb/EmployeeDAO.java","3","21","Private field 'jdbcUsername' could be made final; it is only initialized in the declaration or constructor.","Design","ImmutableField"
"176","net.codejava.javaee.empdb","src/net/codejava/javaee/empdb/EmployeeDAO.java","3","21","Private field 'jdbcUsername' could be made final; it is only initialized in the declaration or constructor.","Design","ImmutableField"
"177","net.codejava.javaee.empdb","src/net/codejava/javaee/empdb/EmployeeDAO.java","3","22","Field comments are required","Documentation","CommentRequired"
"178","net.codejava.javaee.empdb","src/net/codejava/javaee/empdb/EmployeeDAO.java","3","22","Field comments are required","Documentation","CommentRequired"
"179","net.codejava.javaee.empdb","src/net/codejava/javaee/empdb/EmployeeDAO.java","3","22","Found non-transient, non-static member. Please mark as transient or provide accessors.","Error Prone","BeanMembersShouldSerialize"
"180","net.codejava.javaee.empdb","src/net/codejava/javaee/empdb/EmployeeDAO.java","3","22","Found non-transient, non-static member. Please mark as transient or provide accessors.","Error Prone","BeanMembersShouldSerialize"
"181","net.codejava.javaee.empdb","src/net/codejava/javaee/empdb/EmployeeDAO.java","3","22","Private field 'jdbcPassword' could be made final; it is only initialized in the declaration or constructor.","Design","ImmutableField"
"182","net.codejava.javaee.empdb","src/net/codejava/javaee/empdb/EmployeeDAO.java","3","22","Private field 'jdbcPassword' could be made final; it is only initialized in the declaration or constructor.","Design","ImmutableField"
"183","net.codejava.javaee.empdb","src/net/codejava/javaee/empdb/EmployeeDAO.java","3","23","Field comments are required","Documentation","CommentRequired"
"184","net.codejava.javaee.empdb","src/net/codejava/javaee/empdb/EmployeeDAO.java","3","23","Field comments are required","Documentation","CommentRequired"
"185","net.codejava.javaee.empdb","src/net/codejava/javaee/empdb/EmployeeDAO.java","3","23","Found non-transient, non-static member. Please mark as transient or provide accessors.","Error Prone","BeanMembersShouldSerialize"
"186","net.codejava.javaee.empdb","src/net/codejava/javaee/empdb/EmployeeDAO.java","3","23","Found non-transient, non-static member. Please mark as transient or provide accessors.","Error Prone","BeanMembersShouldSerialize"
"187","net.codejava.javaee.empdb","src/net/codejava/javaee/empdb/EmployeeDAO.java","3","24","Avoid unused private fields such as 'jdbcConnection2'.","Best Practices","UnusedPrivateField"
"188","net.codejava.javaee.empdb","src/net/codejava/javaee/empdb/EmployeeDAO.java","3","24","Avoid unused private fields such as 'jdbcConnection2'.","Best Practices","UnusedPrivateField"
"189","net.codejava.javaee.empdb","src/net/codejava/javaee/empdb/EmployeeDAO.java","3","24","Field comments are required","Documentation","CommentRequired"
"190","net.codejava.javaee.empdb","src/net/codejava/javaee/empdb/EmployeeDAO.java","3","24","Field comments are required","Documentation","CommentRequired"
"191","net.codejava.javaee.empdb","src/net/codejava/javaee/empdb/EmployeeDAO.java","3","26","Parameter 'jdbcPassword' is not assigned and could be declared final","Code Style","MethodArgumentCouldBeFinal"
"192","net.codejava.javaee.empdb","src/net/codejava/javaee/empdb/EmployeeDAO.java","3","26","Parameter 'jdbcPassword' is not assigned and could be declared final","Code Style","MethodArgumentCouldBeFinal"
"193","net.codejava.javaee.empdb","src/net/codejava/javaee/empdb/EmployeeDAO.java","3","26","Parameter 'jdbcURL' is not assigned and could be declared final","Code Style","MethodArgumentCouldBeFinal"
"194","net.codejava.javaee.empdb","src/net/codejava/javaee/empdb/EmployeeDAO.java","3","26","Parameter 'jdbcURL' is not assigned and could be declared final","Code Style","MethodArgumentCouldBeFinal"
"195","net.codejava.javaee.empdb","src/net/codejava/javaee/empdb/EmployeeDAO.java","3","26","Parameter 'jdbcUsername' is not assigned and could be declared final","Code Style","MethodArgumentCouldBeFinal"
"196","net.codejava.javaee.empdb","src/net/codejava/javaee/empdb/EmployeeDAO.java","3","26","Parameter 'jdbcUsername' is not assigned and could be declared final","Code Style","MethodArgumentCouldBeFinal"
"197","net.codejava.javaee.empdb","src/net/codejava/javaee/empdb/EmployeeDAO.java","3","26","Public method and constructor comments are required","Documentation","CommentRequired"
"198","net.codejava.javaee.empdb","src/net/codejava/javaee/empdb/EmployeeDAO.java","3","26","Public method and constructor comments are required","Documentation","CommentRequired"
"199","net.codejava.javaee.empdb","src/net/codejava/javaee/empdb/EmployeeDAO.java","3","32","Protected method constructor comments are required","Documentation","CommentRequired"
"200","net.codejava.javaee.empdb","src/net/codejava/javaee/empdb/EmployeeDAO.java","3","32","Protected method constructor comments are required","Documentation","CommentRequired"
"201","net.codejava.javaee.empdb","src/net/codejava/javaee/empdb/EmployeeDAO.java","3","44","Protected method constructor comments are required","Documentation","CommentRequired"
"202","net.codejava.javaee.empdb","src/net/codejava/javaee/empdb/EmployeeDAO.java","3","44","Protected method constructor comments are required","Documentation","CommentRequired"
"203","net.codejava.javaee.empdb","src/net/codejava/javaee/empdb/EmployeeDAO.java","3","50","Parameter 'emp' is not assigned and could be declared final","Code Style","MethodArgumentCouldBeFinal"
"204","net.codejava.javaee.empdb","src/net/codejava/javaee/empdb/EmployeeDAO.java","3","50","Parameter 'emp' is not assigned and could be declared final","Code Style","MethodArgumentCouldBeFinal"
"205","net.codejava.javaee.empdb","src/net/codejava/javaee/empdb/EmployeeDAO.java","3","50","Public method and constructor comments are required","Documentation","CommentRequired"
"206","net.codejava.javaee.empdb","src/net/codejava/javaee/empdb/EmployeeDAO.java","3","50","Public method and constructor comments are required","Documentation","CommentRequired"
"207","net.codejava.javaee.empdb","src/net/codejava/javaee/empdb/EmployeeDAO.java","3","51","Local variable 'sql' could be declared final","Code Style","LocalVariableCouldBeFinal"
"208","net.codejava.javaee.empdb","src/net/codejava/javaee/empdb/EmployeeDAO.java","3","51","Local variable 'sql' could be declared final","Code Style","LocalVariableCouldBeFinal"
"209","net.codejava.javaee.empdb","src/net/codejava/javaee/empdb/EmployeeDAO.java","3","54","Local variable 'statement' could be declared final","Code Style","LocalVariableCouldBeFinal"
"210","net.codejava.javaee.empdb","src/net/codejava/javaee/empdb/EmployeeDAO.java","3","54","Local variable 'statement' could be declared final","Code Style","LocalVariableCouldBeFinal"
"211","net.codejava.javaee.empdb","src/net/codejava/javaee/empdb/EmployeeDAO.java","3","55","Potential violation of Law of Demeter (object not created locally)","Design","LawOfDemeter"
"212","net.codejava.javaee.empdb","src/net/codejava/javaee/empdb/EmployeeDAO.java","3","55","Potential violation of Law of Demeter (object not created locally)","Design","LawOfDemeter"
"213","net.codejava.javaee.empdb","src/net/codejava/javaee/empdb/EmployeeDAO.java","3","56","Potential violation of Law of Demeter (object not created locally)","Design","LawOfDemeter"
"214","net.codejava.javaee.empdb","src/net/codejava/javaee/empdb/EmployeeDAO.java","3","56","Potential violation of Law of Demeter (object not created locally)","Design","LawOfDemeter"
"215","net.codejava.javaee.empdb","src/net/codejava/javaee/empdb/EmployeeDAO.java","3","57","Potential violation of Law of Demeter (object not created locally)","Design","LawOfDemeter"
"216","net.codejava.javaee.empdb","src/net/codejava/javaee/empdb/EmployeeDAO.java","3","57","Potential violation of Law of Demeter (object not created locally)","Design","LawOfDemeter"
"217","net.codejava.javaee.empdb","src/net/codejava/javaee/empdb/EmployeeDAO.java","3","59","Local variable 'rowInserted' could be declared final","Code Style","LocalVariableCouldBeFinal"
"218","net.codejava.javaee.empdb","src/net/codejava/javaee/empdb/EmployeeDAO.java","3","59","Local variable 'rowInserted' could be declared final","Code Style","LocalVariableCouldBeFinal"
"219","net.codejava.javaee.empdb","src/net/codejava/javaee/empdb/EmployeeDAO.java","3","59","Potential violation of Law of Demeter (object not created locally)","Design","LawOfDemeter"
"220","net.codejava.javaee.empdb","src/net/codejava/javaee/empdb/EmployeeDAO.java","3","59","Potential violation of Law of Demeter (object not created locally)","Design","LawOfDemeter"
"221","net.codejava.javaee.empdb","src/net/codejava/javaee/empdb/EmployeeDAO.java","3","60","Potential violation of Law of Demeter (object not created locally)","Design","LawOfDemeter"
"222","net.codejava.javaee.empdb","src/net/codejava/javaee/empdb/EmployeeDAO.java","3","60","Potential violation of Law of Demeter (object not created locally)","Design","LawOfDemeter"
"223","net.codejava.javaee.empdb","src/net/codejava/javaee/empdb/EmployeeDAO.java","3","65","Public method and constructor comments are required","Documentation","CommentRequired"
"224","net.codejava.javaee.empdb","src/net/codejava/javaee/empdb/EmployeeDAO.java","3","65","Public method and constructor comments are required","Documentation","CommentRequired"
"225","net.codejava.javaee.empdb","src/net/codejava/javaee/empdb/EmployeeDAO.java","3","66","Local variable 'listEmp' could be declared final","Code Style","LocalVariableCouldBeFinal"
"226","net.codejava.javaee.empdb","src/net/codejava/javaee/empdb/EmployeeDAO.java","3","66","Local variable 'listEmp' could be declared final","Code Style","LocalVariableCouldBeFinal"
"227","net.codejava.javaee.empdb","src/net/codejava/javaee/empdb/EmployeeDAO.java","3","68","Local variable 'sql' could be declared final","Code Style","LocalVariableCouldBeFinal"
"228","net.codejava.javaee.empdb","src/net/codejava/javaee/empdb/EmployeeDAO.java","3","68","Local variable 'sql' could be declared final","Code Style","LocalVariableCouldBeFinal"
"229","net.codejava.javaee.empdb","src/net/codejava/javaee/empdb/EmployeeDAO.java","3","72","Ensure that resources like this Statement object are closed after use","Error Prone","CloseResource"
"230","net.codejava.javaee.empdb","src/net/codejava/javaee/empdb/EmployeeDAO.java","3","72","Ensure that resources like this Statement object are closed after use","Error Prone","CloseResource"
"231","net.codejava.javaee.empdb","src/net/codejava/javaee/empdb/EmployeeDAO.java","3","72","Local variable 'statement' could be declared final","Code Style","LocalVariableCouldBeFinal"
"232","net.codejava.javaee.empdb","src/net/codejava/javaee/empdb/EmployeeDAO.java","3","72","Local variable 'statement' could be declared final","Code Style","LocalVariableCouldBeFinal"
"233","net.codejava.javaee.empdb","src/net/codejava/javaee/empdb/EmployeeDAO.java","3","73","Ensure that resources like this ResultSet object are closed after use","Error Prone","CloseResource"
"234","net.codejava.javaee.empdb","src/net/codejava/javaee/empdb/EmployeeDAO.java","3","73","Ensure that resources like this ResultSet object are closed after use","Error Prone","CloseResource"
"235","net.codejava.javaee.empdb","src/net/codejava/javaee/empdb/EmployeeDAO.java","3","73","Local variable 'resultSet' could be declared final","Code Style","LocalVariableCouldBeFinal"
"236","net.codejava.javaee.empdb","src/net/codejava/javaee/empdb/EmployeeDAO.java","3","73","Local variable 'resultSet' could be declared final","Code Style","LocalVariableCouldBeFinal"
"237","net.codejava.javaee.empdb","src/net/codejava/javaee/empdb/EmployeeDAO.java","3","73","Potential violation of Law of Demeter (object not created locally)","Design","LawOfDemeter"
"238","net.codejava.javaee.empdb","src/net/codejava/javaee/empdb/EmployeeDAO.java","3","73","Potential violation of Law of Demeter (object not created locally)","Design","LawOfDemeter"
"239","net.codejava.javaee.empdb","src/net/codejava/javaee/empdb/EmployeeDAO.java","3","75","Potential violation of Law of Demeter (object not created locally)","Design","LawOfDemeter"
"240","net.codejava.javaee.empdb","src/net/codejava/javaee/empdb/EmployeeDAO.java","3","75","Potential violation of Law of Demeter (object not created locally)","Design","LawOfDemeter"
"241","net.codejava.javaee.empdb","src/net/codejava/javaee/empdb/EmployeeDAO.java","3","76","Avoid variables with short names like id","Code Style","ShortVariable"
"242","net.codejava.javaee.empdb","src/net/codejava/javaee/empdb/EmployeeDAO.java","3","76","Avoid variables with short names like id","Code Style","ShortVariable"
"243","net.codejava.javaee.empdb","src/net/codejava/javaee/empdb/EmployeeDAO.java","3","76","Local variable 'id' could be declared final","Code Style","LocalVariableCouldBeFinal"
"244","net.codejava.javaee.empdb","src/net/codejava/javaee/empdb/EmployeeDAO.java","3","76","Local variable 'id' could be declared final","Code Style","LocalVariableCouldBeFinal"
"245","net.codejava.javaee.empdb","src/net/codejava/javaee/empdb/EmployeeDAO.java","3","77","Local variable 'empname' could be declared final","Code Style","LocalVariableCouldBeFinal"
"246","net.codejava.javaee.empdb","src/net/codejava/javaee/empdb/EmployeeDAO.java","3","77","Local variable 'empname' could be declared final","Code Style","LocalVariableCouldBeFinal"
"247","net.codejava.javaee.empdb","src/net/codejava/javaee/empdb/EmployeeDAO.java","3","78","Local variable 'empdesignation' could be declared final","Code Style","LocalVariableCouldBeFinal"
"248","net.codejava.javaee.empdb","src/net/codejava/javaee/empdb/EmployeeDAO.java","3","78","Local variable 'empdesignation' could be declared final","Code Style","LocalVariableCouldBeFinal"
"249","net.codejava.javaee.empdb","src/net/codejava/javaee/empdb/EmployeeDAO.java","3","79","Local variable 'location' could be declared final","Code Style","LocalVariableCouldBeFinal"
"250","net.codejava.javaee.empdb","src/net/codejava/javaee/empdb/EmployeeDAO.java","3","79","Local variable 'location' could be declared final","Code Style","LocalVariableCouldBeFinal"
"251","net.codejava.javaee.empdb","src/net/codejava/javaee/empdb/EmployeeDAO.java","3","81","Avoid instantiating new objects inside loops","Performance","AvoidInstantiatingObjectsInLoops"
"252","net.codejava.javaee.empdb","src/net/codejava/javaee/empdb/EmployeeDAO.java","3","81","Avoid instantiating new objects inside loops","Performance","AvoidInstantiatingObjectsInLoops"
"253","net.codejava.javaee.empdb","src/net/codejava/javaee/empdb/EmployeeDAO.java","3","81","Local variable 'emp' could be declared final","Code Style","LocalVariableCouldBeFinal"
"254","net.codejava.javaee.empdb","src/net/codejava/javaee/empdb/EmployeeDAO.java","3","81","Local variable 'emp' could be declared final","Code Style","LocalVariableCouldBeFinal"
"255","net.codejava.javaee.empdb","src/net/codejava/javaee/empdb/EmployeeDAO.java","3","85","Potential violation of Law of Demeter (object not created locally)","Design","LawOfDemeter"
"256","net.codejava.javaee.empdb","src/net/codejava/javaee/empdb/EmployeeDAO.java","3","85","Potential violation of Law of Demeter (object not created locally)","Design","LawOfDemeter"
"257","net.codejava.javaee.empdb","src/net/codejava/javaee/empdb/EmployeeDAO.java","3","86","Potential violation of Law of Demeter (object not created locally)","Design","LawOfDemeter"
"258","net.codejava.javaee.empdb","src/net/codejava/javaee/empdb/EmployeeDAO.java","3","86","Potential violation of Law of Demeter (object not created locally)","Design","LawOfDemeter"
"259","net.codejava.javaee.empdb","src/net/codejava/javaee/empdb/EmployeeDAO.java","3","93","Parameter 'book' is not assigned and could be declared final","Code Style","MethodArgumentCouldBeFinal"
"260","net.codejava.javaee.empdb","src/net/codejava/javaee/empdb/EmployeeDAO.java","3","93","Parameter 'book' is not assigned and could be declared final","Code Style","MethodArgumentCouldBeFinal"
"261","net.codejava.javaee.empdb","src/net/codejava/javaee/empdb/EmployeeDAO.java","3","93","Public method and constructor comments are required","Documentation","CommentRequired"
"262","net.codejava.javaee.empdb","src/net/codejava/javaee/empdb/EmployeeDAO.java","3","93","Public method and constructor comments are required","Documentation","CommentRequired"
"263","net.codejava.javaee.empdb","src/net/codejava/javaee/empdb/EmployeeDAO.java","3","94","Local variable 'sql' could be declared final","Code Style","LocalVariableCouldBeFinal"
"264","net.codejava.javaee.empdb","src/net/codejava/javaee/empdb/EmployeeDAO.java","3","94","Local variable 'sql' could be declared final","Code Style","LocalVariableCouldBeFinal"
"265","net.codejava.javaee.empdb","src/net/codejava/javaee/empdb/EmployeeDAO.java","3","98","Local variable 'statement' could be declared final","Code Style","LocalVariableCouldBeFinal"
"266","net.codejava.javaee.empdb","src/net/codejava/javaee/empdb/EmployeeDAO.java","3","98","Local variable 'statement' could be declared final","Code Style","LocalVariableCouldBeFinal"
"267","net.codejava.javaee.empdb","src/net/codejava/javaee/empdb/EmployeeDAO.java","3","99","Potential violation of Law of Demeter (object not created locally)","Design","LawOfDemeter"
"268","net.codejava.javaee.empdb","src/net/codejava/javaee/empdb/EmployeeDAO.java","3","99","Potential violation of Law of Demeter (object not created locally)","Design","LawOfDemeter"
"269","net.codejava.javaee.empdb","src/net/codejava/javaee/empdb/EmployeeDAO.java","3","101","Local variable 'rowDeleted' could be declared final","Code Style","LocalVariableCouldBeFinal"
"270","net.codejava.javaee.empdb","src/net/codejava/javaee/empdb/EmployeeDAO.java","3","101","Local variable 'rowDeleted' could be declared final","Code Style","LocalVariableCouldBeFinal"
"271","net.codejava.javaee.empdb","src/net/codejava/javaee/empdb/EmployeeDAO.java","3","101","Potential violation of Law of Demeter (object not created locally)","Design","LawOfDemeter"
"272","net.codejava.javaee.empdb","src/net/codejava/javaee/empdb/EmployeeDAO.java","3","101","Potential violation of Law of Demeter (object not created locally)","Design","LawOfDemeter"
"273","net.codejava.javaee.empdb","src/net/codejava/javaee/empdb/EmployeeDAO.java","3","102","Potential violation of Law of Demeter (object not created locally)","Design","LawOfDemeter"
"274","net.codejava.javaee.empdb","src/net/codejava/javaee/empdb/EmployeeDAO.java","3","102","Potential violation of Law of Demeter (object not created locally)","Design","LawOfDemeter"
"275","net.codejava.javaee.empdb","src/net/codejava/javaee/empdb/EmployeeDAO.java","3","107","Parameter 'emp' is not assigned and could be declared final","Code Style","MethodArgumentCouldBeFinal"
"276","net.codejava.javaee.empdb","src/net/codejava/javaee/empdb/EmployeeDAO.java","3","107","Parameter 'emp' is not assigned and could be declared final","Code Style","MethodArgumentCouldBeFinal"
"277","net.codejava.javaee.empdb","src/net/codejava/javaee/empdb/EmployeeDAO.java","3","107","Public method and constructor comments are required","Documentation","CommentRequired"
"278","net.codejava.javaee.empdb","src/net/codejava/javaee/empdb/EmployeeDAO.java","3","107","Public method and constructor comments are required","Documentation","CommentRequired"
"279","net.codejava.javaee.empdb","src/net/codejava/javaee/empdb/EmployeeDAO.java","3","109","Prefer StringBuilder (non-synchronized) or StringBuffer (synchronized) over += for concatenating strings","Performance","UseStringBufferForStringAppends"
"280","net.codejava.javaee.empdb","src/net/codejava/javaee/empdb/EmployeeDAO.java","3","109","Prefer StringBuilder (non-synchronized) or StringBuffer (synchronized) over += for concatenating strings","Performance","UseStringBufferForStringAppends"
"281","net.codejava.javaee.empdb","src/net/codejava/javaee/empdb/EmployeeDAO.java","3","112","Local variable 'statement' could be declared final","Code Style","LocalVariableCouldBeFinal"
"282","net.codejava.javaee.empdb","src/net/codejava/javaee/empdb/EmployeeDAO.java","3","112","Local variable 'statement' could be declared final","Code Style","LocalVariableCouldBeFinal"
"283","net.codejava.javaee.empdb","src/net/codejava/javaee/empdb/EmployeeDAO.java","3","113","Potential violation of Law of Demeter (object not created locally)","Design","LawOfDemeter"
"284","net.codejava.javaee.empdb","src/net/codejava/javaee/empdb/EmployeeDAO.java","3","113","Potential violation of Law of Demeter (object not created locally)","Design","LawOfDemeter"
"285","net.codejava.javaee.empdb","src/net/codejava/javaee/empdb/EmployeeDAO.java","3","114","Potential violation of Law of Demeter (object not created locally)","Design","LawOfDemeter"
"286","net.codejava.javaee.empdb","src/net/codejava/javaee/empdb/EmployeeDAO.java","3","114","Potential violation of Law of Demeter (object not created locally)","Design","LawOfDemeter"
"287","net.codejava.javaee.empdb","src/net/codejava/javaee/empdb/EmployeeDAO.java","3","115","Potential violation of Law of Demeter (object not created locally)","Design","LawOfDemeter"
"288","net.codejava.javaee.empdb","src/net/codejava/javaee/empdb/EmployeeDAO.java","3","115","Potential violation of Law of Demeter (object not created locally)","Design","LawOfDemeter"
"289","net.codejava.javaee.empdb","src/net/codejava/javaee/empdb/EmployeeDAO.java","3","116","Potential violation of Law of Demeter (object not created locally)","Design","LawOfDemeter"
"290","net.codejava.javaee.empdb","src/net/codejava/javaee/empdb/EmployeeDAO.java","3","116","Potential violation of Law of Demeter (object not created locally)","Design","LawOfDemeter"
"291","net.codejava.javaee.empdb","src/net/codejava/javaee/empdb/EmployeeDAO.java","3","118","Local variable 'rowUpdated' could be declared final","Code Style","LocalVariableCouldBeFinal"
"292","net.codejava.javaee.empdb","src/net/codejava/javaee/empdb/EmployeeDAO.java","3","118","Local variable 'rowUpdated' could be declared final","Code Style","LocalVariableCouldBeFinal"
"293","net.codejava.javaee.empdb","src/net/codejava/javaee/empdb/EmployeeDAO.java","3","118","Potential violation of Law of Demeter (object not created locally)","Design","LawOfDemeter"
"294","net.codejava.javaee.empdb","src/net/codejava/javaee/empdb/EmployeeDAO.java","3","118","Potential violation of Law of Demeter (object not created locally)","Design","LawOfDemeter"
"295","net.codejava.javaee.empdb","src/net/codejava/javaee/empdb/EmployeeDAO.java","3","119","Potential violation of Law of Demeter (object not created locally)","Design","LawOfDemeter"
"296","net.codejava.javaee.empdb","src/net/codejava/javaee/empdb/EmployeeDAO.java","3","119","Potential violation of Law of Demeter (object not created locally)","Design","LawOfDemeter"
"297","net.codejava.javaee.empdb","src/net/codejava/javaee/empdb/EmployeeDAO.java","3","124","Avoid variables with short names like id","Code Style","ShortVariable"
"298","net.codejava.javaee.empdb","src/net/codejava/javaee/empdb/EmployeeDAO.java","3","124","Avoid variables with short names like id","Code Style","ShortVariable"
"299","net.codejava.javaee.empdb","src/net/codejava/javaee/empdb/EmployeeDAO.java","3","124","Parameter 'id' is not assigned and could be declared final","Code Style","MethodArgumentCouldBeFinal"
"300","net.codejava.javaee.empdb","src/net/codejava/javaee/empdb/EmployeeDAO.java","3","124","Parameter 'id' is not assigned and could be declared final","Code Style","MethodArgumentCouldBeFinal"
"301","net.codejava.javaee.empdb","src/net/codejava/javaee/empdb/EmployeeDAO.java","3","124","Public method and constructor comments are required","Documentation","CommentRequired"
"302","net.codejava.javaee.empdb","src/net/codejava/javaee/empdb/EmployeeDAO.java","3","124","Public method and constructor comments are required","Documentation","CommentRequired"
"303","net.codejava.javaee.empdb","src/net/codejava/javaee/empdb/EmployeeDAO.java","5","125","Found 'DD'-anomaly for variable 'emp' (lines '125'-'140').","Error Prone","DataflowAnomalyAnalysis"
"304","net.codejava.javaee.empdb","src/net/codejava/javaee/empdb/EmployeeDAO.java","5","125","Found 'DD'-anomaly for variable 'emp' (lines '125'-'140').","Error Prone","DataflowAnomalyAnalysis"
"305","net.codejava.javaee.empdb","src/net/codejava/javaee/empdb/EmployeeDAO.java","3","126","Local variable 'sql' could be declared final","Code Style","LocalVariableCouldBeFinal"
"306","net.codejava.javaee.empdb","src/net/codejava/javaee/empdb/EmployeeDAO.java","3","126","Local variable 'sql' could be declared final","Code Style","LocalVariableCouldBeFinal"
"307","net.codejava.javaee.empdb","src/net/codejava/javaee/empdb/EmployeeDAO.java","3","130","Local variable 'statement' could be declared final","Code Style","LocalVariableCouldBeFinal"
"308","net.codejava.javaee.empdb","src/net/codejava/javaee/empdb/EmployeeDAO.java","3","130","Local variable 'statement' could be declared final","Code Style","LocalVariableCouldBeFinal"
"309","net.codejava.javaee.empdb","src/net/codejava/javaee/empdb/EmployeeDAO.java","3","131","Potential violation of Law of Demeter (object not created locally)","Design","LawOfDemeter"
"310","net.codejava.javaee.empdb","src/net/codejava/javaee/empdb/EmployeeDAO.java","3","131","Potential violation of Law of Demeter (object not created locally)","Design","LawOfDemeter"
"311","net.codejava.javaee.empdb","src/net/codejava/javaee/empdb/EmployeeDAO.java","3","133","Ensure that resources like this ResultSet object are closed after use","Error Prone","CloseResource"
"312","net.codejava.javaee.empdb","src/net/codejava/javaee/empdb/EmployeeDAO.java","3","133","Ensure that resources like this ResultSet object are closed after use","Error Prone","CloseResource"
"313","net.codejava.javaee.empdb","src/net/codejava/javaee/empdb/EmployeeDAO.java","3","133","Local variable 'resultSet' could be declared final","Code Style","LocalVariableCouldBeFinal"
"314","net.codejava.javaee.empdb","src/net/codejava/javaee/empdb/EmployeeDAO.java","3","133","Local variable 'resultSet' could be declared final","Code Style","LocalVariableCouldBeFinal"
"315","net.codejava.javaee.empdb","src/net/codejava/javaee/empdb/EmployeeDAO.java","3","133","Potential violation of Law of Demeter (object not created locally)","Design","LawOfDemeter"
"316","net.codejava.javaee.empdb","src/net/codejava/javaee/empdb/EmployeeDAO.java","3","133","Potential violation of Law of Demeter (object not created locally)","Design","LawOfDemeter"
"317","net.codejava.javaee.empdb","src/net/codejava/javaee/empdb/EmployeeDAO.java","3","135","Potential violation of Law of Demeter (object not created locally)","Design","LawOfDemeter"
"318","net.codejava.javaee.empdb","src/net/codejava/javaee/empdb/EmployeeDAO.java","3","135","Potential violation of Law of Demeter (object not created locally)","Design","LawOfDemeter"
"319","net.codejava.javaee.empdb","src/net/codejava/javaee/empdb/EmployeeDAO.java","3","136","Local variable 'empname' could be declared final","Code Style","LocalVariableCouldBeFinal"
"320","net.codejava.javaee.empdb","src/net/codejava/javaee/empdb/EmployeeDAO.java","3","136","Local variable 'empname' could be declared final","Code Style","LocalVariableCouldBeFinal"
"321","net.codejava.javaee.empdb","src/net/codejava/javaee/empdb/EmployeeDAO.java","3","137","Local variable 'empdesignation' could be declared final","Code Style","LocalVariableCouldBeFinal"
"322","net.codejava.javaee.empdb","src/net/codejava/javaee/empdb/EmployeeDAO.java","3","137","Local variable 'empdesignation' could be declared final","Code Style","LocalVariableCouldBeFinal"
"323","net.codejava.javaee.empdb","src/net/codejava/javaee/empdb/EmployeeDAO.java","3","138","Local variable 'location' could be declared final","Code Style","LocalVariableCouldBeFinal"
"324","net.codejava.javaee.empdb","src/net/codejava/javaee/empdb/EmployeeDAO.java","3","138","Local variable 'location' could be declared final","Code Style","LocalVariableCouldBeFinal"
"325","net.codejava.javaee.empdb","src/net/codejava/javaee/empdb/EmployeeDAO.java","3","143","Potential violation of Law of Demeter (object not created locally)","Design","LawOfDemeter"
"326","net.codejava.javaee.empdb","src/net/codejava/javaee/empdb/EmployeeDAO.java","3","143","Potential violation of Law of Demeter (object not created locally)","Design","LawOfDemeter"
"327","net.codejava.javaee.empdb","src/net/codejava/javaee/empdb/EmployeeDAO.java","3","144","Potential violation of Law of Demeter (object not created locally)","Design","LawOfDemeter"
"328","net.codejava.javaee.empdb","src/net/codejava/javaee/empdb/EmployeeDAO.java","3","144","Potential violation of Law of Demeter (object not created locally)","Design","LawOfDemeter"
"329","net.codejava.javaee.empdb","src/net/codejava/javaee/empdb/TestUrl.java","4","13","Avoid unused imports such as 'org.testng.annotations.Test'","Best Practices","UnusedImports"
"330","net.codejava.javaee.empdb","src/net/codejava/javaee/empdb/TestUrl.java","4","13","Avoid unused imports such as 'org.testng.annotations.Test'","Best Practices","UnusedImports"
"331","net.codejava.javaee.empdb","src/net/codejava/javaee/empdb/TestUrl.java","3","15","Each class should declare at least one constructor","Code Style","AtLeastOneConstructor"
"332","net.codejava.javaee.empdb","src/net/codejava/javaee/empdb/TestUrl.java","3","15","Each class should declare at least one constructor","Code Style","AtLeastOneConstructor"
"333","net.codejava.javaee.empdb","src/net/codejava/javaee/empdb/TestUrl.java","3","15","Header comments are required","Documentation","CommentRequired"
"334","net.codejava.javaee.empdb","src/net/codejava/javaee/empdb/TestUrl.java","3","15","Header comments are required","Documentation","CommentRequired"
"335","net.codejava.javaee.empdb","src/net/codejava/javaee/empdb/TestUrl.java","3","17","Field comments are required","Documentation","CommentRequired"
"336","net.codejava.javaee.empdb","src/net/codejava/javaee/empdb/TestUrl.java","3","17","Field comments are required","Documentation","CommentRequired"
"337","net.codejava.javaee.empdb","src/net/codejava/javaee/empdb/TestUrl.java","3","18","Field TestUrl has the same name as a method","Error Prone","AvoidFieldNameMatchingMethodName"
"338","net.codejava.javaee.empdb","src/net/codejava/javaee/empdb/TestUrl.java","3","18","Field TestUrl has the same name as a method","Error Prone","AvoidFieldNameMatchingMethodName"
"339","net.codejava.javaee.empdb","src/net/codejava/javaee/empdb/TestUrl.java","3","18","Field comments are required","Documentation","CommentRequired"
"340","net.codejava.javaee.empdb","src/net/codejava/javaee/empdb/TestUrl.java","3","18","Field comments are required","Documentation","CommentRequired"
"341","net.codejava.javaee.empdb","src/net/codejava/javaee/empdb/TestUrl.java","3","18","It is somewhat confusing to have a field name matching the declaring class name","Error Prone","AvoidFieldNameMatchingTypeName"
"342","net.codejava.javaee.empdb","src/net/codejava/javaee/empdb/TestUrl.java","3","18","It is somewhat confusing to have a field name matching the declaring class name","Error Prone","AvoidFieldNameMatchingTypeName"
"343","net.codejava.javaee.empdb","src/net/codejava/javaee/empdb/TestUrl.java","1","18","The static field name 'TestUrl' doesn't match '[a-z][a-zA-Z0-9]*'","Code Style","FieldNamingConventions"
"344","net.codejava.javaee.empdb","src/net/codejava/javaee/empdb/TestUrl.java","1","18","The static field name 'TestUrl' doesn't match '[a-z][a-zA-Z0-9]*'","Code Style","FieldNamingConventions"
"345","net.codejava.javaee.empdb","src/net/codejava/javaee/empdb/TestUrl.java","1","18","Variables should start with a lowercase character, 'TestUrl' starts with uppercase character.","Code Style","VariableNamingConventions"
"346","net.codejava.javaee.empdb","src/net/codejava/javaee/empdb/TestUrl.java","1","18","Variables should start with a lowercase character, 'TestUrl' starts with uppercase character.","Code Style","VariableNamingConventions"
"347","net.codejava.javaee.empdb","src/net/codejava/javaee/empdb/TestUrl.java","3","20","A method/constructor should not explicitly throw java.lang.Exception","Design","SignatureDeclareThrowsException"
"348","net.codejava.javaee.empdb","src/net/codejava/javaee/empdb/TestUrl.java","3","20","A method/constructor should not explicitly throw java.lang.Exception","Design","SignatureDeclareThrowsException"
"349","net.codejava.javaee.empdb","src/net/codejava/javaee/empdb/TestUrl.java","3","20","Parameter 'args' is not assigned and could be declared final","Code Style","MethodArgumentCouldBeFinal"
"350","net.codejava.javaee.empdb","src/net/codejava/javaee/empdb/TestUrl.java","3","20","Parameter 'args' is not assigned and could be declared final","Code Style","MethodArgumentCouldBeFinal"
"351","net.codejava.javaee.empdb","src/net/codejava/javaee/empdb/TestUrl.java","3","20","Public method and constructor comments are required","Documentation","CommentRequired"
"352","net.codejava.javaee.empdb","src/net/codejava/javaee/empdb/TestUrl.java","3","20","Public method and constructor comments are required","Documentation","CommentRequired"
"353","net.codejava.javaee.empdb","src/net/codejava/javaee/empdb/TestUrl.java","3","26","JUnit 4 tests that execute tests should use the @Test annotation, JUnit 5 tests should use @Test, @RepeatedTest, @TestFactory, @TestTemplate or @ParameterizedTest","Best Practices","JUnit4TestShouldUseTestAnnotation"
"354","net.codejava.javaee.empdb","src/net/codejava/javaee/empdb/TestUrl.java","3","26","JUnit 4 tests that execute tests should use the @Test annotation, JUnit 5 tests should use @Test, @RepeatedTest, @TestFactory, @TestTemplate or @ParameterizedTest","Best Practices","JUnit4TestShouldUseTestAnnotation"
"355","net.codejava.javaee.empdb","src/net/codejava/javaee/empdb/TestUrl.java","3","26","Public method and constructor comments are required","Documentation","CommentRequired"
"356","net.codejava.javaee.empdb","src/net/codejava/javaee/empdb/TestUrl.java","3","26","Public method and constructor comments are required","Documentation","CommentRequired"
"357","net.codejava.javaee.empdb","src/net/codejava/javaee/empdb/TestUrl.java","3","29","Local variable 'Url' could be declared final","Code Style","LocalVariableCouldBeFinal"
"358","net.codejava.javaee.empdb","src/net/codejava/javaee/empdb/TestUrl.java","3","29","Local variable 'Url' could be declared final","Code Style","LocalVariableCouldBeFinal"
"359","net.codejava.javaee.empdb","src/net/codejava/javaee/empdb/TestUrl.java","1","29","The local variable name 'Url' doesn't match '[a-z][a-zA-Z0-9]*'","Code Style","LocalVariableNamingConventions"
"360","net.codejava.javaee.empdb","src/net/codejava/javaee/empdb/TestUrl.java","1","29","The local variable name 'Url' doesn't match '[a-z][a-zA-Z0-9]*'","Code Style","LocalVariableNamingConventions"
"361","net.codejava.javaee.empdb","src/net/codejava/javaee/empdb/TestUrl.java","1","29","Variables should start with a lowercase character, 'Url' starts with uppercase character.","Code Style","VariableNamingConventions"
"362","net.codejava.javaee.empdb","src/net/codejava/javaee/empdb/TestUrl.java","1","29","Variables should start with a lowercase character, 'Url' starts with uppercase character.","Code Style","VariableNamingConventions"
"363","net.codejava.javaee.empdb","src/net/codejava/javaee/empdb/TestUrl.java","1","30","Avoid instantiating FileInputStream, FileOutputStream, FileReader, or FileWriter","Performance","AvoidFileStream"
"364","net.codejava.javaee.empdb","src/net/codejava/javaee/empdb/TestUrl.java","1","30","Avoid instantiating FileInputStream, FileOutputStream, FileReader, or FileWriter","Performance","AvoidFileStream"
"365","net.codejava.javaee.empdb","src/net/codejava/javaee/empdb/TestUrl.java","3","32","Local variable 'prop' could be declared final","Code Style","LocalVariableCouldBeFinal"
"366","net.codejava.javaee.empdb","src/net/codejava/javaee/empdb/TestUrl.java","3","32","Local variable 'prop' could be declared final","Code Style","LocalVariableCouldBeFinal"
"367","net.codejava.javaee.empdb","src/net/codejava/javaee/empdb/TestUrl.java","3","39","Local variable 'TestUrl' could be declared final","Code Style","LocalVariableCouldBeFinal"
"368","net.codejava.javaee.empdb","src/net/codejava/javaee/empdb/TestUrl.java","3","39","Local variable 'TestUrl' could be declared final","Code Style","LocalVariableCouldBeFinal"
"369","net.codejava.javaee.empdb","src/net/codejava/javaee/empdb/TestUrl.java","1","39","The local variable name 'TestUrl' doesn't match '[a-z][a-zA-Z0-9]*'","Code Style","LocalVariableNamingConventions"
"370","net.codejava.javaee.empdb","src/net/codejava/javaee/empdb/TestUrl.java","1","39","The local variable name 'TestUrl' doesn't match '[a-z][a-zA-Z0-9]*'","Code Style","LocalVariableNamingConventions"
"371","net.codejava.javaee.empdb","src/net/codejava/javaee/empdb/TestUrl.java","1","39","Variables should start with a lowercase character, 'TestUrl' starts with uppercase character.","Code Style","VariableNamingConventions"
"372","net.codejava.javaee.empdb","src/net/codejava/javaee/empdb/TestUrl.java","1","39","Variables should start with a lowercase character, 'TestUrl' starts with uppercase character.","Code Style","VariableNamingConventions"
"373","net.codejava.javaee.empdb","src/net/codejava/javaee/empdb/TestUrl.java","2","40","System.out.println is used","Best Practices","SystemPrintln"
"374","net.codejava.javaee.empdb","src/net/codejava/javaee/empdb/TestUrl.java","2","40","System.out.println is used","Best Practices","SystemPrintln"
"375","net.codejava.javaee.empdb","src/net/codejava/javaee/empdb/TestUrl.java","3","44","Avoid printStackTrace(); use a logger call instead.","Best Practices","AvoidPrintStackTrace"
"376","net.codejava.javaee.empdb","src/net/codejava/javaee/empdb/TestUrl.java","3","44","Avoid printStackTrace(); use a logger call instead.","Best Practices","AvoidPrintStackTrace"
"377","net.codejava.javaee.empdb","src/net/codejava/javaee/empdb/TestUrl.java","3","51","A method/constructor should not explicitly throw java.lang.Exception","Design","SignatureDeclareThrowsException"
"378","net.codejava.javaee.empdb","src/net/codejava/javaee/empdb/TestUrl.java","3","51","A method/constructor should not explicitly throw java.lang.Exception","Design","SignatureDeclareThrowsException"
"379","net.codejava.javaee.empdb","src/net/codejava/javaee/empdb/TestUrl.java","3","51","Parameter 'colName' is not assigned and could be declared final","Code Style","MethodArgumentCouldBeFinal"
"380","net.codejava.javaee.empdb","src/net/codejava/javaee/empdb/TestUrl.java","3","51","Parameter 'colName' is not assigned and could be declared final","Code Style","MethodArgumentCouldBeFinal"
"381","net.codejava.javaee.empdb","src/net/codejava/javaee/empdb/TestUrl.java","3","51","Parameter 'data' is not assigned and could be declared final","Code Style","MethodArgumentCouldBeFinal"
"382","net.codejava.javaee.empdb","src/net/codejava/javaee/empdb/TestUrl.java","3","51","Parameter 'data' is not assigned and could be declared final","Code Style","MethodArgumentCouldBeFinal"
"383","net.codejava.javaee.empdb","src/net/codejava/javaee/empdb/TestUrl.java","3","51","Parameter 'path' is not assigned and could be declared final","Code Style","MethodArgumentCouldBeFinal"
"384","net.codejava.javaee.empdb","src/net/codejava/javaee/empdb/TestUrl.java","3","51","Parameter 'path' is not assigned and could be declared final","Code Style","MethodArgumentCouldBeFinal"
"385","net.codejava.javaee.empdb","src/net/codejava/javaee/empdb/TestUrl.java","3","51","Parameter 'sheetName' is not assigned and could be declared final","Code Style","MethodArgumentCouldBeFinal"
"386","net.codejava.javaee.empdb","src/net/codejava/javaee/empdb/TestUrl.java","3","51","Parameter 'sheetName' is not assigned and could be declared final","Code Style","MethodArgumentCouldBeFinal"
"387","net.codejava.javaee.empdb","src/net/codejava/javaee/empdb/TestUrl.java","3","51","Public method and constructor comments are required","Documentation","CommentRequired"
"388","net.codejava.javaee.empdb","src/net/codejava/javaee/empdb/TestUrl.java","3","51","Public method and constructor comments are required","Documentation","CommentRequired"
"389","net.codejava.javaee.empdb","src/net/codejava/javaee/empdb/TestUrl.java","3","51","Rather than using a lot of String arguments, consider using a container object for those values.","Design","UseObjectForClearerAPI"
"390","net.codejava.javaee.empdb","src/net/codejava/javaee/empdb/TestUrl.java","3","51","Rather than using a lot of String arguments, consider using a container object for those values.","Design","UseObjectForClearerAPI"
"391","net.codejava.javaee.empdb","src/net/codejava/javaee/empdb/TestUrl.java","3","54","Do not add empty strings","Performance","AddEmptyString"
"392","net.codejava.javaee.empdb","src/net/codejava/javaee/empdb/TestUrl.java","3","54","Do not add empty strings","Performance","AddEmptyString"
"393","net.codejava.javaee.empdb","src/net/codejava/javaee/empdb/TestUrl.java","2","54","System.out.println is used","Best Practices","SystemPrintln"
"394","net.codejava.javaee.empdb","src/net/codejava/javaee/empdb/TestUrl.java","2","54","System.out.println is used","Best Practices","SystemPrintln"
"395","net.codejava.javaee.empdb","src/net/codejava/javaee/empdb/TestUrl.java","1","55","Avoid instantiating FileInputStream, FileOutputStream, FileReader, or FileWriter","Performance","AvoidFileStream"
"396","net.codejava.javaee.empdb","src/net/codejava/javaee/empdb/TestUrl.java","1","55","Avoid instantiating FileInputStream, FileOutputStream, FileReader, or FileWriter","Performance","AvoidFileStream"
"397","net.codejava.javaee.empdb","src/net/codejava/javaee/empdb/TestUrl.java","3","55","Local variable 'fis' could be declared final","Code Style","LocalVariableCouldBeFinal"
"398","net.codejava.javaee.empdb","src/net/codejava/javaee/empdb/TestUrl.java","3","55","Local variable 'fis' could be declared final","Code Style","LocalVariableCouldBeFinal"
"399","net.codejava.javaee.empdb","src/net/codejava/javaee/empdb/TestUrl.java","3","56","Local variable 'workbook' could be declared final","Code Style","LocalVariableCouldBeFinal"
"400","net.codejava.javaee.empdb","src/net/codejava/javaee/empdb/TestUrl.java","3","56","Local variable 'workbook' could be declared final","Code Style","LocalVariableCouldBeFinal"
"401","net.codejava.javaee.empdb","src/net/codejava/javaee/empdb/TestUrl.java","3","57","Local variable 'sheet' could be declared final","Code Style","LocalVariableCouldBeFinal"
"402","net.codejava.javaee.empdb","src/net/codejava/javaee/empdb/TestUrl.java","3","57","Local variable 'sheet' could be declared final","Code Style","LocalVariableCouldBeFinal"
"403","net.codejava.javaee.empdb","src/net/codejava/javaee/empdb/TestUrl.java","5","58","Found 'DD'-anomaly for variable 'col_Num' (lines '58'-'62').","Error Prone","DataflowAnomalyAnalysis"
"404","net.codejava.javaee.empdb","src/net/codejava/javaee/empdb/TestUrl.java","5","58","Found 'DD'-anomaly for variable 'col_Num' (lines '58'-'62').","Error Prone","DataflowAnomalyAnalysis"
"405","net.codejava.javaee.empdb","src/net/codejava/javaee/empdb/TestUrl.java","1","58","Only variables that are final should contain underscores (except for underscores in standard prefix/suffix), 'col_Num' is not final.","Code Style","VariableNamingConventions"
"406","net.codejava.javaee.empdb","src/net/codejava/javaee/empdb/TestUrl.java","1","58","Only variables that are final should contain underscores (except for underscores in standard prefix/suffix), 'col_Num' is not final.","Code Style","VariableNamingConventions"
"407","net.codejava.javaee.empdb","src/net/codejava/javaee/empdb/TestUrl.java","1","58","The local variable name 'col_Num' doesn't match '[a-z][a-zA-Z0-9]*'","Code Style","LocalVariableNamingConventions"
"408","net.codejava.javaee.empdb","src/net/codejava/javaee/empdb/TestUrl.java","1","58","The local variable name 'col_Num' doesn't match '[a-z][a-zA-Z0-9]*'","Code Style","LocalVariableNamingConventions"
"409","net.codejava.javaee.empdb","src/net/codejava/javaee/empdb/TestUrl.java","3","59","Potential violation of Law of Demeter (object not created locally)","Design","LawOfDemeter"
"410","net.codejava.javaee.empdb","src/net/codejava/javaee/empdb/TestUrl.java","3","59","Potential violation of Law of Demeter (object not created locally)","Design","LawOfDemeter"
"411","net.codejava.javaee.empdb","src/net/codejava/javaee/empdb/TestUrl.java","3","61","Potential violation of Law of Demeter (method chain calls)","Design","LawOfDemeter"
"412","net.codejava.javaee.empdb","src/net/codejava/javaee/empdb/TestUrl.java","3","61","Potential violation of Law of Demeter (method chain calls)","Design","LawOfDemeter"
"413","net.codejava.javaee.empdb","src/net/codejava/javaee/empdb/TestUrl.java","3","61","Potential violation of Law of Demeter (method chain calls)","Design","LawOfDemeter"
"414","net.codejava.javaee.empdb","src/net/codejava/javaee/empdb/TestUrl.java","3","61","Potential violation of Law of Demeter (method chain calls)","Design","LawOfDemeter"
"415","net.codejava.javaee.empdb","src/net/codejava/javaee/empdb/TestUrl.java","3","61","Potential violation of Law of Demeter (method chain calls)","Design","LawOfDemeter"
"416","net.codejava.javaee.empdb","src/net/codejava/javaee/empdb/TestUrl.java","3","61","Potential violation of Law of Demeter (method chain calls)","Design","LawOfDemeter"
"417","net.codejava.javaee.empdb","src/net/codejava/javaee/empdb/TestUrl.java","5","62","Found 'DD'-anomaly for variable 'col_Num' (lines '62'-'62').","Error Prone","DataflowAnomalyAnalysis"
"418","net.codejava.javaee.empdb","src/net/codejava/javaee/empdb/TestUrl.java","5","62","Found 'DD'-anomaly for variable 'col_Num' (lines '62'-'62').","Error Prone","DataflowAnomalyAnalysis"
"419","net.codejava.javaee.empdb","src/net/codejava/javaee/empdb/TestUrl.java","3","66","Local variable 'rowNum' could be declared final","Code Style","LocalVariableCouldBeFinal"
"420","net.codejava.javaee.empdb","src/net/codejava/javaee/empdb/TestUrl.java","3","66","Local variable 'rowNum' could be declared final","Code Style","LocalVariableCouldBeFinal"
"421","net.codejava.javaee.empdb","src/net/codejava/javaee/empdb/TestUrl.java","3","69","Potential violation of Law of Demeter (object not created locally)","Design","LawOfDemeter"
"422","net.codejava.javaee.empdb","src/net/codejava/javaee/empdb/TestUrl.java","3","69","Potential violation of Law of Demeter (object not created locally)","Design","LawOfDemeter"
"423","net.codejava.javaee.empdb","src/net/codejava/javaee/empdb/TestUrl.java","3","70","Avoid using if statements without curly braces","Code Style","IfStmtsMustUseBraces"
"424","net.codejava.javaee.empdb","src/net/codejava/javaee/empdb/TestUrl.java","3","70","Avoid using if statements without curly braces","Code Style","IfStmtsMustUseBraces"
"425","net.codejava.javaee.empdb","src/net/codejava/javaee/empdb/TestUrl.java","3","71","Potential violation of Law of Demeter (object not created locally)","Design","LawOfDemeter"
"426","net.codejava.javaee.empdb","src/net/codejava/javaee/empdb/TestUrl.java","3","71","Potential violation of Law of Demeter (object not created locally)","Design","LawOfDemeter"
"427","net.codejava.javaee.empdb","src/net/codejava/javaee/empdb/TestUrl.java","3","71","This statement should have braces","Code Style","ControlStatementBraces"
"428","net.codejava.javaee.empdb","src/net/codejava/javaee/empdb/TestUrl.java","3","71","This statement should have braces","Code Style","ControlStatementBraces"
"429","net.codejava.javaee.empdb","src/net/codejava/javaee/empdb/TestUrl.java","3","73","Potential violation of Law of Demeter (object not created locally)","Design","LawOfDemeter"
"430","net.codejava.javaee.empdb","src/net/codejava/javaee/empdb/TestUrl.java","3","73","Potential violation of Law of Demeter (object not created locally)","Design","LawOfDemeter"
"431","net.codejava.javaee.empdb","src/net/codejava/javaee/empdb/TestUrl.java","3","74","Avoid using if statements without curly braces","Code Style","IfStmtsMustUseBraces"
"432","net.codejava.javaee.empdb","src/net/codejava/javaee/empdb/TestUrl.java","3","74","Avoid using if statements without curly braces","Code Style","IfStmtsMustUseBraces"
"433","net.codejava.javaee.empdb","src/net/codejava/javaee/empdb/TestUrl.java","3","75","Potential violation of Law of Demeter (object not created locally)","Design","LawOfDemeter"
"434","net.codejava.javaee.empdb","src/net/codejava/javaee/empdb/TestUrl.java","3","75","Potential violation of Law of Demeter (object not created locally)","Design","LawOfDemeter"
"435","net.codejava.javaee.empdb","src/net/codejava/javaee/empdb/TestUrl.java","3","75","This statement should have braces","Code Style","ControlStatementBraces"
"436","net.codejava.javaee.empdb","src/net/codejava/javaee/empdb/TestUrl.java","3","75","This statement should have braces","Code Style","ControlStatementBraces"
"437","net.codejava.javaee.empdb","src/net/codejava/javaee/empdb/TestUrl.java","3","76","Potential violation of Law of Demeter (object not created locally)","Design","LawOfDemeter"
"438","net.codejava.javaee.empdb","src/net/codejava/javaee/empdb/TestUrl.java","3","76","Potential violation of Law of Demeter (object not created locally)","Design","LawOfDemeter"
"439","net.codejava.javaee.empdb","src/net/codejava/javaee/empdb/TestUrl.java","3","77","Potential violation of Law of Demeter (object not created locally)","Design","LawOfDemeter"
"440","net.codejava.javaee.empdb","src/net/codejava/javaee/empdb/TestUrl.java","3","77","Potential violation of Law of Demeter (object not created locally)","Design","LawOfDemeter"
"441","net.codejava.javaee.empdb","src/net/codejava/javaee/empdb/TestUrl.java","1","78","Avoid instantiating FileInputStream, FileOutputStream, FileReader, or FileWriter","Performance","AvoidFileStream"
"442","net.codejava.javaee.empdb","src/net/codejava/javaee/empdb/TestUrl.java","1","78","Avoid instantiating FileInputStream, FileOutputStream, FileReader, or FileWriter","Performance","AvoidFileStream"
"443","net.codejava.javaee.empdb","src/net/codejava/javaee/empdb/TestUrl.java","3","78","Local variable 'fos' could be declared final","Code Style","LocalVariableCouldBeFinal"
"444","net.codejava.javaee.empdb","src/net/codejava/javaee/empdb/TestUrl.java","3","78","Local variable 'fos' could be declared final","Code Style","LocalVariableCouldBeFinal"
"445","net.codejava.javaee.empdb","src/net/codejava/javaee/empdb/TestUrl.java","2","81","System.out.println is used","Best Practices","SystemPrintln"
"446","net.codejava.javaee.empdb","src/net/codejava/javaee/empdb/TestUrl.java","2","81","System.out.println is used","Best Practices","SystemPrintln"
"447","net.codejava.javaee.empdb","src/net/codejava/javaee/empdb/TestUrl.java","3","82","Do not add empty strings","Performance","AddEmptyString"
"448","net.codejava.javaee.empdb","src/net/codejava/javaee/empdb/TestUrl.java","3","82","Do not add empty strings","Performance","AddEmptyString"
"449","net.codejava.javaee.empdb","src/net/codejava/javaee/empdb/TestUrl.java","3","88","JUnit 4 tests that execute tests should use the @Test annotation, JUnit 5 tests should use @Test, @RepeatedTest, @TestFactory, @TestTemplate or @ParameterizedTest","Best Practices","JUnit4TestShouldUseTestAnnotation"
"450","net.codejava.javaee.empdb","src/net/codejava/javaee/empdb/TestUrl.java","3","88","JUnit 4 tests that execute tests should use the @Test annotation, JUnit 5 tests should use @Test, @RepeatedTest, @TestFactory, @TestTemplate or @ParameterizedTest","Best Practices","JUnit4TestShouldUseTestAnnotation"
"451","net.codejava.javaee.empdb","src/net/codejava/javaee/empdb/TestUrl.java","3","88","Public method and constructor comments are required","Documentation","CommentRequired"
"452","net.codejava.javaee.empdb","src/net/codejava/javaee/empdb/TestUrl.java","3","88","Public method and constructor comments are required","Documentation","CommentRequired"
